"","Date","1","2","3","4","5","6","7","8","9","10","11","12","13","14","15","16","17","18","19","20","21","22","23","24","25","26","27","28","29","30","31","32","33","34","35","36","37","38","39","40","41","42","43","44","45","46","47","48","49","50","51","52","53","54","55","56","57","58","59","60","61","62","63","64","65","66","67","68","69","70","71","72","73","74","75"
"1","20020105",0.0106904087588191,0.15,0.15,0.15,0.15,0.15,0.15,0.15,0.15,0.15,0.15,0.15,0.15,0.15,0.15,0.15,0.15,0.15,0.15,0.15,0.15,0.15,0.15,0.15,7.7196782513056e-05,5.59608088224195e-05,3.68271284969524e-05,3.04643272102112e-05,2.39602886722423e-05,1.79019079951104e-05,1.36158687382704e-05,1.1788411939051e-05,1.13700170913944e-05,1.13090545710293e-05,1.00051383924438e-05,1.00124634627718e-05,1.011663061945e-05,1.05952112789964e-05,1.15818884296459e-05,1.26166642075987e-05,1.29825766634895e-05,1.2264191354916e-05,1.12501547846477e-05,1.03081129054772e-05,1.00194511105656e-05,1.15120465125074e-05,1.69832583196694e-05,1.81190007424448e-05,3.88886655855458e-05,4.39775176346302e-05,4.05551290896256e-05,3.40949445671868e-05,2.80595086223911e-05,2.39838827837957e-05,2.226275682915e-05,2.23148945224239e-05,2.23997194552794e-05,2.29451434279326e-05,0,0,0,0,0,0,0,0,0,0,0,0,0,0,0,0,0
"2","20020110",0.0390509851276875,0.15,0.15,0.15,0.15,0.15,0.15,0.15,0.15,0.15,0.15,0.15,0.15,0.15,0.15,0.15,0.15,0.15,0.15,0.15,0.15,0.15,0.15,0.15,0.000467619043774903,0.000128661427879706,9.06560890143737e-05,6.68694920022972e-05,5.17850094183814e-05,3.72214235540014e-05,2.51603651122423e-05,1.66171248565661e-05,1.26131335491664e-05,1.00688112070202e-05,1.00057959571132e-05,1.00163888419047e-05,1.0117432793777e-05,1.05414046629448e-05,1.14756603579735e-05,1.25533324535354e-05,1.29867557916441e-05,1.23071758935112e-05,1.13357227746747e-05,1.03786815088824e-05,1.00190827652114e-05,1.14595823106356e-05,1.70424518728396e-05,1.78662703547161e-05,3.80180063075386e-05,4.38688693975564e-05,4.05738355766516e-05,3.40260776283685e-05,2.80539370578481e-05,2.40224690060131e-05,2.23147635551868e-05,2.21783648157725e-05,2.24079667532351e-05,2.28297012654366e-05,0,0,0,0,0,0,0,0,0,0,0,0,0,0,0,0,0
"3","20020115",0.0953311920166016,0.15,0.15,0.15,0.15,0.15,0.15,0.15,0.15,0.15,0.15,0.15,0.15,0.15,0.15,0.15,0.15,0.15,0.15,0.15,0.15,0.15,0.15,0.15,0.15,0.15,0.000419575197156519,0.000148209030157886,8.98714934010059e-05,6.47944034426473e-05,4.26329534093384e-05,2.64619557128754e-05,1.60653726197779e-05,1.11556682895753e-05,1.01391142379725e-05,1.00346751423785e-05,1.01704836197314e-05,1.05939971035696e-05,1.14701479105861e-05,1.25429487525253e-05,1.30225616885582e-05,1.23337704280857e-05,1.13790874820552e-05,1.04276323327213e-05,1.00186471172492e-05,1.14761778604588e-05,1.72860345628578e-05,1.79227026819717e-05,3.64061379514169e-05,4.35228539572563e-05,4.07923471357208e-05,3.4332915674895e-05,2.8231992473593e-05,2.41476409428287e-05,2.24099076149287e-05,2.19982794078533e-05,2.21803020394873e-05,2.28773478738731e-05,0,0,0,0,0,0,0,0,0,0,0,0,0,0,0,0,0
"4","20020120",0.0375808775424957,0.15,0.15,0.15,0.15,0.15,0.15,0.15,0.15,0.15,0.15,0.15,0.15,0.15,0.15,0.15,0.15,0.15,0.15,0.15,0.15,0.15,0.15,0.15,0.15,0.15,0.15,0.000155754198203795,7.16468057362363e-05,3.60312333214097e-05,2.46402305492666e-05,1.65140900207916e-05,1.13342766780988e-05,1.02398844319396e-05,1.00144407042535e-05,1.00628258223878e-05,1.02319672805606e-05,1.06558372863219e-05,1.14713357106666e-05,1.25210872283787e-05,1.30571579575189e-05,1.23421132229851e-05,1.13819269245141e-05,1.04573073258507e-05,1.00183224276407e-05,1.14818885776913e-05,1.72347408806672e-05,1.7939039025805e-05,3.48116263921838e-05,4.31315129389986e-05,4.09258100262377e-05,3.46180604537949e-05,2.84873731288826e-05,2.43784561462235e-05,2.26340889639687e-05,2.19655648834305e-05,2.2099224224803e-05,2.26605843636207e-05,0,0,0,0,0,0,0,0,0,0,0,0,0,0,0,0,0
"5","20020125",0.0293305106461048,0.15,0.15,0.15,0.15,0.15,0.15,0.15,0.15,0.15,0.15,0.15,0.15,0.15,0.15,0.15,0.15,0.15,0.15,0.15,0.15,0.15,0.15,0.15,0.15,0.15,0.15,0.000242033842368983,0.000109245236671995,3.53426730725914e-05,2.1055571778561e-05,1.36848802867462e-05,1.08074273157399e-05,1.01404793895199e-05,1.00362976809265e-05,1.01212372101145e-05,1.03308311736328e-05,1.07641280919779e-05,1.15452385216486e-05,1.25587357615586e-05,1.3123238204571e-05,1.23563650049618e-05,1.13699197754613e-05,1.04665350590949e-05,1.00180450317566e-05,1.14886379378731e-05,1.72531836142298e-05,1.86490960913943e-05,3.3560940210009e-05,4.27515187766403e-05,4.11581168009434e-05,3.50408372469246e-05,2.87963503069477e-05,2.45827668550191e-05,2.27631499001291e-05,2.1896043108427e-05,2.20527217607014e-05,2.25719577429118e-05,0,0,0,0,0,0,0,0,0,0,0,0,0,0,0,0,0
"6","20020130",0.128815770149231,0.15,0.15,0.15,0.15,0.15,0.15,0.15,0.15,0.15,0.15,0.15,0.15,0.15,0.15,0.15,0.15,0.15,0.15,0.15,0.15,0.15,0.15,0.15,0.15,0.15,0.15,0.15,0.15,0.00437614927068353,0.000580110063310713,0.000104544815258123,1.67993457580451e-05,1.14569547804422e-05,1.01848108897684e-05,1.02344620245276e-05,1.04945074781426e-05,1.09480997707578e-05,1.17205236165319e-05,1.269512813451e-05,1.3216908882896e-05,1.23935014926246e-05,1.13614387373673e-05,1.04592500065337e-05,1.00180841400288e-05,1.14554877654882e-05,1.71170941030141e-05,1.8957440261147e-05,3.30719049088657e-05,4.25785328843631e-05,4.14144669775851e-05,3.54489602614194e-05,2.90134339593351e-05,2.46561321546324e-05,2.27670243475586e-05,2.18910663534189e-05,2.19403318624245e-05,2.2419397282647e-05,0,0,0,0,0,0,0,0,0,0,0,0,0,0,0,0,0
"7","20020205",0.0474165491759777,0.15,0.15,0.15,0.15,0.15,0.15,0.15,0.15,0.15,0.15,0.15,0.15,0.15,0.15,0.15,0.15,0.15,0.15,0.15,0.15,0.15,0.15,0.15,0.15,0.15,0.15,0.15,0.15,0.15,0.15,0.000420149648562074,9.19358863029629e-05,1.08653903225786e-05,1.02270487332135e-05,1.03945394585025e-05,1.07030109575135e-05,1.11898107206798e-05,1.19801006803755e-05,1.29163763631368e-05,1.32747045427095e-05,1.23847330542048e-05,1.13034748210339e-05,1.03824968391564e-05,1.00183333415771e-05,1.15745278890245e-05,1.66984482348198e-05,1.83731808647281e-05,3.53786199411843e-05,4.31281587225385e-05,4.12359804613516e-05,3.5021650546696e-05,2.84966718027135e-05,2.4259996280307e-05,2.2433361664298e-05,2.1911837393418e-05,2.22432263399241e-05,2.24636023631319e-05,0,0,0,0,0,0,0,0,0,0,0,0,0,0,0,0,0
"8","20020210",0.0656971111893654,0.15,0.15,0.15,0.15,0.15,0.15,0.15,0.15,0.15,0.15,0.15,0.15,0.15,0.15,0.15,0.15,0.15,0.15,0.15,0.15,0.15,0.15,0.15,0.15,0.15,0.15,0.15,0.15,0.15,0.15,0.15,0.15,0.15,0.000382955506211147,2.41093875956722e-05,1.06206907730666e-05,1.10771397885401e-05,1.18656807899242e-05,1.29077980091097e-05,1.3379441043071e-05,1.24661628433387e-05,1.13362666525063e-05,1.04428108897991e-05,1.00182587630115e-05,1.14126823973493e-05,1.66114714374999e-05,1.79417274921434e-05,3.44875334121753e-05,4.33178611274343e-05,4.18516901845578e-05,3.57033204636537e-05,2.9017697670497e-05,2.4719965949771e-05,2.27129767154111e-05,2.18441837205319e-05,2.18098193727201e-05,2.2535461539519e-05,0,0,0,0,0,0,0,0,0,0,0,0,0,0,0,0,0
"9","20020215",0.016855750232935,0.15,0.15,0.15,0.15,0.15,0.15,0.15,0.15,0.15,0.15,0.15,0.15,0.15,0.15,0.15,0.15,0.15,0.15,0.15,0.15,0.15,0.15,0.15,0.15,0.15,0.15,0.15,0.15,0.15,0.15,0.15,0.15,0.15,0.15,0.15,5.84642621106468e-05,1.0588506484055e-05,1.17658573799417e-05,1.28672218124848e-05,1.34278488985728e-05,1.25221686175792e-05,1.13599580799928e-05,1.04703294709907e-05,1.00185188784963e-05,1.13914875328192e-05,1.65542660397477e-05,1.82876210601535e-05,3.46041997545399e-05,4.37664821220096e-05,4.2265237425454e-05,3.5994791687699e-05,2.91432261292357e-05,2.486574339855e-05,2.27568307309411e-05,2.17822816921398e-05,2.16175685636699e-05,2.26837146328762e-05,0,0,0,0,0,0,0,0,0,0,0,0,0,0,0,0,0
"10","20020220",0.0486365295946598,0.15,0.15,0.15,0.15,0.15,0.15,0.15,0.15,0.15,0.15,0.15,0.15,0.15,0.15,0.15,0.15,0.15,0.15,0.15,0.15,0.15,0.15,0.15,0.15,0.15,0.15,0.15,0.15,0.15,0.15,0.15,0.15,0.15,0.15,0.15,0.15,0.000104308965092059,1.15226894195075e-05,1.28161591419484e-05,1.34252877614927e-05,1.25396745715989e-05,1.13733367470559e-05,1.04803584690671e-05,1.0018797183875e-05,1.13913547465927e-05,1.65043857123237e-05,1.87169116543373e-05,3.5158187529305e-05,4.42904565716162e-05,4.26487713411916e-05,3.6181208997732e-05,2.91750602627872e-05,2.48693777393783e-05,2.27232230827212e-05,2.16897260543192e-05,2.14324245462194e-05,2.3029584554024e-05,0,0,0,0,0,0,0,0,0,0,0,0,0,0,0,0,0
"11","20020225",0.0064274063333869,0.15,0.15,0.15,0.15,0.15,0.15,0.15,0.15,0.15,0.15,0.15,0.15,0.15,0.15,0.15,0.15,0.15,0.15,0.15,0.15,0.15,0.15,0.15,0.15,0.15,0.15,0.15,0.15,0.15,0.15,0.15,0.15,0.15,0.15,0.15,0.15,0.000104489226941951,1.04773971543182e-05,1.28094807223533e-05,1.33940220621298e-05,1.24827911349712e-05,1.1335154340486e-05,1.04366117739119e-05,1.00186398412916e-05,1.13919040813926e-05,1.65660530910827e-05,1.7563130313647e-05,3.69193257938605e-05,4.49433282483369e-05,4.26897895522416e-05,3.58032921212725e-05,2.8897058655275e-05,2.47223706537625e-05,2.26074862439418e-05,2.15761119761737e-05,2.13767580135027e-05,2.36360374401556e-05,0,0,0,0,0,0,0,0,0,0,0,0,0,0,0,0,0
"12","20020230",0.0138734932988882,0.15,0.15,0.15,0.15,0.15,0.15,0.15,0.15,0.15,0.15,0.15,0.15,0.15,0.15,0.15,0.15,0.15,0.15,0.15,0.15,0.15,0.15,0.15,0.15,0.15,0.15,0.15,0.15,0.15,0.15,0.15,0.15,0.15,0.15,0.15,0.15,0.000159569346578792,1.0708767149481e-05,1.24951739053358e-05,1.33692255985807e-05,1.24146699818084e-05,1.12678308141767e-05,1.04225755421794e-05,1.00182978712837e-05,1.13915857582469e-05,1.77409965544939e-05,1.87442892638501e-05,3.52777897205669e-05,4.51843843620736e-05,4.36679365520831e-05,3.68713481293526e-05,2.98137256322661e-05,2.53520574915456e-05,2.2910729967407e-05,2.15230502362829e-05,2.09528425330063e-05,2.40387398662278e-05,0,0,0,0,0,0,0,0,0,0,0,0,0,0,0,0,0
"13","20020305",0.038378220051527,0.15,0.15,0.15,0.15,0.15,0.15,0.15,0.15,0.15,0.15,0.15,0.15,0.15,0.15,0.15,0.15,0.15,0.15,0.15,0.15,0.15,0.15,0.15,0.15,0.15,0.15,0.15,0.15,0.15,0.15,0.15,0.15,0.15,0.15,0.15,0.15,0.15,0.000191998813534155,1.21674265756155e-05,1.33476478367811e-05,1.23389609143487e-05,1.11916424430092e-05,1.03899710666155e-05,1.00178986031096e-05,1.13915639303741e-05,1.90796508832136e-05,1.95082757272758e-05,3.37987330567557e-05,4.55269182566553e-05,4.46571393695194e-05,3.7857211282244e-05,3.04909808619414e-05,2.57701103691943e-05,2.30690002354095e-05,2.14742958632996e-05,2.08289602596778e-05,2.42890164372511e-05,0,0,0,0,0,0,0,0,0,0,0,0,0,0,0,0,0
"14","20020310",0.0173259414732456,0.15,0.15,0.15,0.15,0.15,0.15,0.15,0.15,0.15,0.15,0.15,0.15,0.15,0.15,0.15,0.15,0.15,0.15,0.15,0.15,0.15,0.15,0.15,0.15,0.15,0.15,0.15,0.15,0.15,0.15,0.15,0.15,0.15,0.15,0.15,0.15,0.15,0.15,2.98528993880609e-05,1.37733377414406e-05,1.22477604236337e-05,1.11189037852455e-05,1.03331749414792e-05,1.00179331639083e-05,1.14255890366621e-05,1.99371897906531e-05,1.99343012354802e-05,3.42359671776649e-05,4.61134914075956e-05,4.52651256637182e-05,3.82795697078109e-05,3.07089867419563e-05,2.58151267189533e-05,2.30180266953539e-05,2.14794854400679e-05,2.0865692931693e-05,2.45653991441941e-05,0,0,0,0,0,0,0,0,0,0,0,0,0,0,0,0,0
"15","20020315",0.0270519368350506,0.15,0.15,0.15,0.15,0.15,0.15,0.15,0.15,0.15,0.15,0.15,0.15,0.15,0.15,0.15,0.15,0.15,0.15,0.15,0.15,0.15,0.15,0.15,0.15,0.15,0.15,0.15,0.15,0.15,0.15,0.15,0.15,0.15,0.15,0.15,0.15,0.15,0.15,7.0772432081867e-05,1.37812812681659e-05,1.21092634799425e-05,1.09983657239354e-05,1.02394305940834e-05,1.03272577689495e-05,1.15881684905617e-05,2.13565581361763e-05,2.06241056730505e-05,3.51573289663065e-05,4.65787379653193e-05,4.55099543614779e-05,3.84881277568638e-05,3.09506904159207e-05,2.59379667113535e-05,2.30152545555029e-05,2.1459427443915e-05,2.10123107535765e-05,2.45527880906593e-05,0,0,0,0,0,0,0,0,0,0,0,0,0,0,0,0,0
"16","20020320",0.0081115011125803,0.15,0.15,0.15,0.15,0.15,0.15,0.15,0.15,0.15,0.15,0.15,0.15,0.15,0.15,0.15,0.15,0.15,0.15,0.15,0.15,0.15,0.15,0.15,0.00315191363915801,0.00266416417434812,0.00310930330306292,0.00409115105867386,0.00538457883521914,0.00699743395671248,0.00913058314472437,0.0112343803048134,0.0137400440871716,0.0161621887236834,0.0179333351552486,0.0157467275857925,0.011550385504961,0.00709564564749599,0.15,5.73597717448138e-05,1.27332868942176e-05,1.19675651149009e-05,1.08761578303529e-05,1.01658906714874e-05,1.13815449367394e-05,1.16877381515224e-05,2.3359440092463e-05,2.16107964661205e-05,3.31710216414649e-05,4.60701994597912e-05,4.5762844820274e-05,3.91477115044836e-05,3.15518227580469e-05,2.63430465565762e-05,2.32968577620341e-05,2.16964472201653e-05,2.11006918107159e-05,2.41591296799015e-05,0,0,0,0,0,0,0,0,0,0,0,0,0,0,0,0,0
"17","20020325",0.0126483105123043,0.15,0.15,0.15,0.15,0.15,0.15,0.15,0.15,0.15,0.15,0.15,0.15,0.15,0.15,0.15,0.15,0.15,0.15,0.15,0.15,0.15,0.15,0.15,0.15,0.15,0.15,0.15,0.15,0.15,0.15,0.15,0.15,0.15,0.15,0.15,0.15,0.15,0.00148413132410496,4.85041164210998e-05,1.2052931197104e-05,1.18895904961391e-05,1.08237954918877e-05,1.01340237961267e-05,1.13815676741069e-05,1.17716490422026e-05,2.40558238147059e-05,2.2143722162582e-05,3.20933104376309e-05,4.56382804259192e-05,4.574147897074e-05,3.92602123611141e-05,3.16060177283362e-05,2.63720648945309e-05,2.34565468417713e-05,2.20397905650316e-05,2.12645791179966e-05,2.35937986872159e-05,0,0,0,0,0,0,0,0,0,0,0,0,0,0,0,0,0
"18","20020330",0.0451653264462948,0.15,0.15,0.15,0.15,0.15,0.15,0.15,0.15,0.15,0.15,0.15,0.15,0.15,0.15,0.15,0.15,0.15,0.15,0.15,0.15,0.15,0.15,0.15,0.15,0.15,0.15,0.15,0.15,0.15,0.15,0.15,0.15,0.15,0.15,0.15,0.15,0.15,0.15,0.00023027349379845,1.17460785986623e-05,1.18401012514369e-05,1.07858577393927e-05,1.01104960776865e-05,1.13818487079698e-05,1.18907064461382e-05,2.42943588091293e-05,2.24689629249042e-05,3.20981089316774e-05,4.55320841865614e-05,4.56069064966869e-05,3.91133471566718e-05,3.14863646053709e-05,2.6230321964249e-05,2.35212828556541e-05,2.24450504902052e-05,2.15430827665841e-05,2.29511242650915e-05,0,0,0,0,0,0,0,0,0,0,0,0,0,0,0,0,0
"19","20020405",0.0099871912971139,0.15,0.15,0.15,0.15,0.15,0.15,0.15,0.15,0.15,0.15,0.15,0.15,0.15,0.15,0.15,0.15,0.15,0.15,0.15,0.15,0.15,0.15,0.15,0.15,0.15,0.15,0.15,0.15,0.15,0.15,0.15,0.15,0.15,0.15,0.15,0.15,0.15,0.15,0.000246215437073261,1.11581166493124e-05,1.18262660180335e-05,1.07401228888193e-05,1.00854658739991e-05,1.13821852210094e-05,1.2059354048688e-05,2.44919338001637e-05,2.24478062591515e-05,3.28504938806873e-05,4.56352645414881e-05,4.52989479526877e-05,3.87280451832339e-05,3.11706171487458e-05,2.60430497291964e-05,2.35522766161012e-05,2.27319342229748e-05,2.18364475585986e-05,2.25526946451282e-05,0,0,0,0,0,0,0,0,0,0,0,0,0,0,0,0,0
"20","20020410",0.00593636929988861,0.15,0.15,0.15,0.15,0.15,0.15,0.15,0.15,0.15,0.15,0.15,0.15,0.15,0.15,0.15,0.15,0.15,0.15,0.15,0.15,0.15,0.15,0.15,0.15,0.15,0.15,0.15,0.15,0.15,0.15,0.15,0.15,0.15,0.15,0.15,0.15,0.15,0.15,0.15,1.09041402538423e-05,1.19670321510057e-05,1.07040195871377e-05,1.00676797956112e-05,1.13824789877981e-05,1.2205003258714e-05,2.45072551479097e-05,2.15756190300453e-05,3.32973759213928e-05,4.55859626526944e-05,4.49138606199995e-05,3.83372425858397e-05,3.08543858409394e-05,2.58977779594716e-05,2.3631824660697e-05,2.30617988563608e-05,2.21207628783304e-05,2.2113490558695e-05,0,0,0,0,0,0,0,0,0,0,0,0,0,0,0,0,0
"21","20020415",0.0872978046536446,0.15,0.15,0.15,0.15,0.15,0.15,0.15,0.15,0.15,0.15,0.15,0.15,0.15,0.15,0.15,0.15,0.15,0.15,0.15,0.15,0.15,0.15,0.15,0.15,0.15,0.15,0.15,0.15,0.15,0.15,0.15,0.15,0.15,0.15,0.15,0.15,0.15,0.15,0.15,0.000112408961285837,1.20974800665863e-05,1.06512834463501e-05,1.00484348877217e-05,1.13828882604139e-05,1.24065900308779e-05,2.45014725805959e-05,2.18207260331837e-05,3.40813639922999e-05,4.55061526736245e-05,4.44604083895683e-05,3.78260519937612e-05,3.04933109873673e-05,2.57851042988477e-05,2.37509793805657e-05,2.34050148719689e-05,2.24766627070494e-05,2.17144479393028e-05,0,0,0,0,0,0,0,0,0,0,0,0,0,0,0,0,0
"22","20020420",0.0136080486699939,0.15,0.15,0.15,0.15,0.15,0.15,0.15,0.15,0.15,0.15,0.15,0.15,0.15,0.15,0.15,0.15,0.15,0.15,0.15,0.15,0.15,0.15,0.15,0.15,0.15,0.15,0.15,0.15,0.15,0.15,0.15,0.15,0.15,0.15,0.15,0.15,0.15,0.15,0.15,1.43703864523559e-05,1.19148044177564e-05,1.06240922832512e-05,1.00383540484472e-05,1.13832838906092e-05,1.25345059132087e-05,2.43265676544979e-05,2.19454159378074e-05,3.41432205459569e-05,4.51665655418765e-05,4.40715593867935e-05,3.74757328245323e-05,3.03043598250952e-05,2.5823419491644e-05,2.39690652961144e-05,2.3721393517917e-05,2.27550081035588e-05,2.14555275306338e-05,0,0,0,0,0,0,0,0,0,0,0,0,0,0,0,0,0
"23","20020425",0.00965170096606016,0.15,0.15,0.15,0.15,0.15,0.15,0.15,0.15,0.15,0.15,0.15,0.15,0.15,0.15,0.15,0.15,0.15,0.15,0.15,0.15,0.15,0.15,0.15,0.15,0.15,0.15,0.15,0.15,0.15,0.15,0.15,0.15,0.15,0.15,0.15,0.15,0.15,0.15,0.15,1.47302143886918e-05,1.17261815830716e-05,1.0594129889796e-05,1.0030645171355e-05,1.13835340016522e-05,1.259814871446e-05,2.40818444581237e-05,2.19000976358075e-05,3.24877073580865e-05,4.37540511484258e-05,4.31914413638879e-05,3.70547495549545e-05,3.03121269098483e-05,2.61417262663599e-05,2.44103903241921e-05,2.41744819504675e-05,2.334044984309e-05,2.11914430110482e-05,0,0,0,0,0,0,0,0,0,0,0,0,0,0,0,0,0
"24","20020430",0.0184985119849443,0.15,0.15,0.15,0.15,0.15,0.15,0.15,0.15,0.15,0.15,0.15,0.15,0.15,0.15,0.15,0.15,0.15,0.15,0.15,0.15,0.15,0.15,0.15,0.15,0.15,0.15,0.15,0.15,0.15,0.15,0.15,0.15,0.15,0.15,0.15,0.15,0.15,0.15,0.15,1.71574483829318e-05,1.14066260721302e-05,1.06106008388451e-05,1.00315028248588e-05,1.13833593786694e-05,1.25356309581548e-05,2.38746724789962e-05,2.17802116821986e-05,3.1221607059706e-05,4.30251784564462e-05,4.28913808718789e-05,3.70455018128268e-05,3.04596942442004e-05,2.64172194874845e-05,2.46999134105863e-05,2.43269605562091e-05,2.36802752624499e-05,2.10728485399159e-05,0,0,0,0,0,0,0,0,0,0,0,0,0,0,0,0,0
"25","20020505",0.0103865694254637,0.15,0.15,0.15,0.15,0.15,0.15,0.15,0.15,0.15,0.15,0.15,0.15,0.15,0.15,0.15,0.15,0.15,0.15,0.15,0.15,0.15,0.0012701868545264,0.000840361521113664,0.000871315482072532,0.00116226705722511,0.00181456317659467,0.00291226874105632,0.00439085718244314,0.00627269363030791,0.00857705622911453,0.0112870866432786,0.0143280904740095,0.0175310242921114,0.0205819196999073,0.0199970304965973,0.0146340224891901,0.00855215359479189,0.0030276239849627,0.000302873901091516,1.36068956635427e-05,1.09044613054721e-05,1.06427160062594e-05,1.00340384960873e-05,1.13831174530787e-05,1.24817825053469e-05,2.37281419686042e-05,2.17395991057856e-05,3.10467003146186e-05,4.3143914808752e-05,4.30867003160529e-05,3.72211579815485e-05,3.06334513879847e-05,2.65481812675716e-05,2.48196283791913e-05,2.43854337895755e-05,2.38295542658307e-05,2.11238948395476e-05,0,0,0,0,0,0,0,0,0,0,0,0,0,0,0,0,0
"26","20020510",0.0027939269784838,0.15,0.00591533537954092,0.00609250459820032,0.00662343902513385,0.00671992497518659,0.00635561905801296,0.00494130421429873,0.00358589761890471,0.00124435871839523,0.00114884809590876,0.00108440173789859,0.00106057885568589,0.00107197242323309,0.00109844852704555,0.00115274148993194,0.00111196504440159,0.0010220940457657,0.000841124448925257,0.000626747321803123,0.000463635253254324,0.000363531988114119,0.000288245442789048,0.000226438220124692,0.000184591495781206,0.000173522232216783,0.00016473482537549,0.000146429403685033,0.000129935273434967,0.000114291375211906,9.84780926955864e-05,8.39237836771645e-05,7.9493060184177e-05,8.54987738421187e-05,8.6652762547601e-05,8.02301001385786e-05,6.75627161399461e-05,5.64684232813306e-05,4.73384970973711e-05,3.72035319742281e-05,1.49909128595027e-05,1.05018280009972e-05,1.06336765384185e-05,1.0033392754849e-05,1.1383003766241e-05,1.24413745652419e-05,2.36955074797152e-05,2.26408392336452e-05,3.01231211778941e-05,4.2684256186476e-05,4.30602631240617e-05,3.7432608223753e-05,3.09499191644136e-05,2.68380299530691e-05,2.49727672780864e-05,2.4335939087905e-05,2.41138022829546e-05,2.11650894925697e-05,0,0,0,0,0,0,0,0,0,0,0,0,0,0,0,0,0
"27","20020515",0.0142261916771531,0.15,0.15,0.15,0.15,0.15,0.15,0.15,0.0321557335555553,0.0279308669269085,0.0276119578629732,0.0264478120952845,0.0215729493647814,0.00556962285190821,0.00393579108640552,0.00300757074728608,0.00220159767195582,0.00164392543956637,0.00129168247804046,0.00105938850902021,0.000849802570883185,0.000668699969537556,0.000563470064662397,0.000490865961182863,0.000432137021562085,0.00040479120798409,0.000381168589228764,0.000324147287756205,0.000263294117758051,0.00020918263180647,0.000161808216944337,0.000120101176435128,8.54267127579078e-05,6.82036989019252e-05,6.46147309453227e-05,5.96206809859723e-05,5.17140033480246e-05,4.51986088592093e-05,3.89786000596359e-05,3.24307839036919e-05,1.77619695023168e-05,1.02141329989536e-05,1.06228053482482e-05,1.00364432000788e-05,1.13827463792404e-05,1.23442259791773e-05,2.37406602536794e-05,2.29930155910552e-05,2.87477923848201e-05,4.22273005824536e-05,4.32250162702985e-05,3.78366239601746e-05,3.1293911888497e-05,2.71449371211929e-05,2.51543424383271e-05,2.42474179685814e-05,2.41146644839318e-05,2.12130544241518e-05,0,0,0,0,0,0,0,0,0,0,0,0,0,0,0,0,0
"28","20020520",0.000461795891169459,0.000429445033660159,0.000285012298263609,0.000195208893273957,0.000175514767761342,0.000135535752633587,0.000136269169161096,0.000156555790454149,0.000182482443051413,0.000210258032893762,0.000236537234741263,0.000257178005995229,0.000268462172243744,0.000268067291472107,0.000253860867815092,0.000222384827793576,0.000173459338839166,0.000117740739369765,7.24638448446058e-05,4.97520741191693e-05,4.3283525883453e-05,4.18579329561908e-05,4.16163966292515e-05,4.01134275307413e-05,3.76138668798376e-05,3.64555307896808e-05,3.54646253981628e-05,3.30367438436951e-05,3.03878605336649e-05,3.15981160383672e-05,3.51671515090857e-05,4.02821169700474e-05,4.58417816844303e-05,5.00291353091598e-05,5.11618600285146e-05,4.91696191602387e-05,4.38950009993277e-05,3.94547823816538e-05,3.51845010300167e-05,3.07983318634797e-05,2.14882693398977e-05,1.01063978945604e-05,1.05679264379432e-05,1.00358392955968e-05,1.13825690277736e-05,1.22801693578367e-05,2.39656183111947e-05,2.30103141802829e-05,2.64514692389639e-05,4.10472894145641e-05,4.34539906564169e-05,3.86270439776126e-05,3.19878381560557e-05,2.76365935860667e-05,2.53595499088988e-05,2.41906418523286e-05,2.41976958932355e-05,2.1358526282711e-05,0,0,0,0,0,0,0,0,0,0,0,0,0,0,0,0,0
"29","20020525",0.00172362430021167,0.00263447733595967,0.00220270780846477,0.00125664251390845,0.000450622319476679,0.000399046810343862,0.000284743728116155,0.000192467050510459,0.000156985988724045,0.000160253228386864,0.000177444599103183,0.000203245668672025,0.000234574734349735,0.000266355084022507,0.000290441879769787,0.00029604509472847,0.000298871455015615,0.000222077709622681,0.000159048373461701,0.000112574954982847,9.31886825128458e-05,8.71874071890488e-05,8.51366785354912e-05,8.12817961559631e-05,7.64546712161973e-05,7.26375001249835e-05,6.74700277158991e-05,5.97910111537203e-05,4.9319878598908e-05,4.20917604060378e-05,3.79142729798332e-05,3.86306892323773e-05,4.10096108680591e-05,4.37702001363505e-05,4.4565927964868e-05,4.31133157690056e-05,3.88140942959581e-05,3.54684525518678e-05,3.24731227010489e-05,2.99075745715527e-05,2.50941375270486e-05,1.00628722066176e-05,1.04899145298987e-05,1.00307624961715e-05,1.13824817162822e-05,1.22698547784239e-05,2.43049762502778e-05,2.31657122640172e-05,2.43589638557751e-05,3.92064466723241e-05,4.37495727965143e-05,3.97102594433818e-05,3.28571295540314e-05,2.82246128335828e-05,2.55610702879494e-05,2.40294903051108e-05,2.42471378442133e-05,2.14681203942746e-05,0,0,0,0,0,0,0,0,0,0,0,0,0,0,0,0,0
"30","20020530",0.00351987383328378,0.00585232209414244,0.00661799544468522,0.00592650752514601,0.00350073841400445,0.00110373820643872,0.00102844811044633,0.000831966113764793,0.00057301000924781,0.000370714435121045,0.000265566224697977,0.000227036725846119,0.000232387421419844,0.000248880707658827,0.000270139193162322,0.000289898918708786,0.000296993413940072,0.000280482257949188,0.000237008382100612,0.000185382174095139,0.000150739317177795,0.000135180802317336,0.000128597748698667,0.000122348297736607,0.000116971357783768,0.000111569963337388,0.000101702178653795,8.75353725859895e-05,6.88152795191854e-05,5.32326266693417e-05,4.2716372263385e-05,3.79473276552744e-05,3.87087711715139e-05,4.03646845370531e-05,4.06678118451964e-05,3.90016539313365e-05,3.56042510247789e-05,3.30778420902789e-05,3.11081130348612e-05,2.97736460197484e-05,2.73977384495083e-05,1.00450288300635e-05,1.04286491477978e-05,1.00286624729051e-05,1.13822889034054e-05,1.22366818686714e-05,2.42373680521268e-05,2.33596747420961e-05,2.35182124015409e-05,3.72434187738691e-05,4.42136406491045e-05,4.08688647439703e-05,3.36674202117138e-05,2.8678421585937e-05,2.57443771261023e-05,2.39124110521516e-05,2.41304478549864e-05,2.1630447008647e-05,0,0,0,0,0,0,0,0,0,0,0,0,0,0,0,0,0
"31","20020605",0.0021184585057199,0.00293963099829853,0.00299335876479745,0.00255118263885379,0.00135322206187993,0.000499677495099604,0.000426842598244548,0.000295294827083126,0.000194031745195389,0.000155544315930456,0.000147295839269646,0.000139441632200032,0.000131085427710786,0.000125960577861406,0.00012609975237865,0.000130225773318671,0.000135204551042989,0.000136110000312328,0.000127630439237691,0.000110209366539493,9.21470127650537e-05,8.06352181825787e-05,7.46901569073088e-05,7.05910424585454e-05,6.77238931530155e-05,6.62872698740102e-05,6.14215896348469e-05,5.38092244823929e-05,4.58043105027173e-05,3.89700289815664e-05,3.52084171026945e-05,3.30967413901817e-05,3.53548675775528e-05,3.70612251572311e-05,3.7324851291487e-05,3.5210123314755e-05,3.29035137838218e-05,3.10481118503958e-05,2.97528567898553e-05,2.89620129478863e-05,2.64294030785095e-05,1.00424358606688e-05,1.03807788036647e-05,1.0025817573478e-05,1.13821770355571e-05,1.22484734674799e-05,2.41013385675615e-05,2.36407486227108e-05,2.36911309912102e-05,3.52868773916271e-05,4.48725004389416e-05,4.21148724853992e-05,3.45014232152607e-05,2.90743682853645e-05,2.58724157902179e-05,2.38010343309725e-05,2.40960835071746e-05,2.17236920434516e-05,0,0,0,0,0,0,0,0,0,0,0,0,0,0,0,0,0
"32","20020610",0.0016498874174431,0.00253454991616309,0.00276234513148665,0.00242537539452314,0.00142167031299323,0.000501969479955733,0.000419369665905833,0.000281200074823573,0.000171122170286253,0.000124538317322731,0.00010937501792796,0.000101412944786716,9.74362556007691e-05,9.56130970735103e-05,9.48714368860237e-05,9.53384151216596e-05,9.6631862106733e-05,9.70964611042291e-05,9.35997813940048e-05,8.44192036311142e-05,7.28622617316432e-05,6.39996505924501e-05,5.8834659284912e-05,5.57289313292131e-05,5.39238681085408e-05,5.35134931851644e-05,5.10674981342163e-05,4.56124653283041e-05,3.94208800571505e-05,3.42824387189467e-05,3.12858282995876e-05,3.13295604428276e-05,3.33176030835602e-05,3.45482221746352e-05,3.44680775015149e-05,3.33546195179224e-05,3.04524437524378e-05,2.90791140287183e-05,2.81472803180804e-05,2.82593919109786e-05,2.37390595430043e-05,1.00514826044673e-05,1.03431657407782e-05,1.00210345408414e-05,1.13822679850273e-05,1.23563440865837e-05,2.4383669369854e-05,2.40214449149789e-05,2.41534689848777e-05,3.37709971063305e-05,4.58345421066042e-05,4.33743807661813e-05,3.52998977177776e-05,2.94164110528072e-05,2.59396711044246e-05,2.36711057368666e-05,2.40019744524034e-05,2.17766064452007e-05,0,0,0,0,0,0,0,0,0,0,0,0,0,0,0,0,0
"33","20020615",0.00149581441655755,0.00263943709433079,0.00276588927954435,0.00272855907678604,0.00257830880582333,0.000517500448040664,0.00052899430738762,0.000408994819736108,0.000267705414444208,0.00014991320495028,0.000105674502265174,9.39245946938172e-05,8.93102114787325e-05,8.7054431787692e-05,8.59980063978583e-05,8.58735584188253e-05,8.60260988702066e-05,8.5906583990436e-05,8.35063256090507e-05,7.71641862229444e-05,6.81735182297416e-05,6.027304334566e-05,5.52470883121714e-05,5.22879308846314e-05,5.06309479533229e-05,4.99946327181533e-05,4.82526302221231e-05,4.29567699029576e-05,3.7479076127056e-05,3.3233027352253e-05,3.09806491713971e-05,3.039742114197e-05,3.16602308885194e-05,3.22530140692834e-05,3.18474958476145e-05,3.08713861159049e-05,2.8493910576799e-05,2.75277507171268e-05,2.75403253908735e-05,2.69376268988708e-05,2.20743841055082e-05,1.00643037512782e-05,1.03043721537688e-05,1.00173665487091e-05,1.13823807623703e-05,1.24888028949499e-05,2.45649098360445e-05,2.4465949536534e-05,2.51718392973999e-05,3.17457270284649e-05,4.71230123366695e-05,4.51130690635182e-05,3.64894731319509e-05,2.995750583068e-05,2.60863525909372e-05,2.35342959058471e-05,2.38190295931417e-05,2.18354562093737e-05,0,0,0,0,0,0,0,0,0,0,0,0,0,0,0,0,0
"34","20020620",0.00117903132922947,0.00284348661080003,0.00148639862891287,0.000543219968676567,0.000417322531575337,0.000213548119063489,0.000127616818645038,0.000114738242700696,0.000111041983473115,0.000107154875877313,0.000104430990177207,9.35060161282308e-05,8.62450178829022e-05,8.10649144113995e-05,7.82996066845953e-05,7.71658960729837e-05,7.67420642659999e-05,7.63785428716801e-05,7.45733050280251e-05,7.0251633587759e-05,6.3437306380365e-05,5.65468981221784e-05,5.16857617185451e-05,4.91113423777279e-05,4.78543515782803e-05,4.69993537990376e-05,4.5135551772546e-05,3.9373120671371e-05,3.21673578582704e-05,2.81496850220719e-05,2.8289463443798e-05,2.90895004582126e-05,2.97670121653937e-05,2.98925770039205e-05,2.93908869934967e-05,2.85507667285856e-05,2.7642558052321e-05,2.68555904767709e-05,2.62116664089262e-05,2.51745550485794e-05,2.06154090847122e-05,1.00832767202519e-05,1.02633639471605e-05,1.00143033705535e-05,1.13825817606994e-05,1.26983941299841e-05,2.49314507527743e-05,2.50292232522042e-05,2.6897529096459e-05,3.00842148135416e-05,4.90689744765405e-05,4.73036234325264e-05,3.79918856197037e-05,3.06625843222719e-05,2.62620487774257e-05,2.34078452194808e-05,2.36087271332508e-05,2.18706518353429e-05,0,0,0,0,0,0,0,0,0,0,0,0,0,0,0,0,0
"35","20020625",0.000620223756413907,0.00194329640362412,0.000849610252771527,0.00037486181827262,0.000210698286537081,0.000103243648482021,7.71993727539666e-05,6.9767607783433e-05,6.5491687564645e-05,6.24078675173223e-05,5.98751030338462e-05,5.71802556805778e-05,5.42629313713405e-05,5.13220584252849e-05,4.90797465317883e-05,4.75349334010389e-05,4.68270591227338e-05,4.64304575871211e-05,4.54158980573993e-05,4.31717962783296e-05,3.95816132368054e-05,3.56223608832806e-05,3.26789304381236e-05,3.140689295833e-05,3.0777770007262e-05,2.99649727821816e-05,2.8489204851212e-05,2.62574194493936e-05,2.41466204897733e-05,2.41749385168077e-05,2.49404019996291e-05,2.57251631410327e-05,2.62695066339802e-05,2.6394363885629e-05,2.61927998508327e-05,2.58866966760252e-05,2.53230864473153e-05,2.52287500188686e-05,2.45767114392947e-05,2.34096169151599e-05,1.93630712601589e-05,1.01048490250832e-05,1.02189660537988e-05,1.0012380698754e-05,1.13828682515305e-05,1.29778709379025e-05,2.54254318861058e-05,2.57168667303631e-05,2.77987601293717e-05,2.92142249236349e-05,5.18615197506733e-05,5.01354115840513e-05,3.98655683966354e-05,3.15947399940342e-05,2.6504261768423e-05,2.32887014135486e-05,2.33407226915006e-05,2.18771365325665e-05,0,0,0,0,0,0,0,0,0,0,0,0,0,0,0,0,0
"36","20020630",0.00549932010471821,0.00762279704213142,0.00866045523434877,0.00927936006337404,0.00609705690294504,0.0014222355093807,0.00140401103999466,0.0011785919778049,0.000794226478319615,0.000435615889728069,0.00024738788488321,0.000197660250705667,0.000181028866791166,0.000171248902915977,0.000163833261467516,0.000157730944920331,0.000153291242895648,0.00015039429126773,0.000146721606142819,0.000140572272357531,0.000130783897475339,0.000119010437629186,0.000109434135083575,0.000105525010440033,0.000103146951005328,9.77644085651264e-05,9.01009043445811e-05,7.97606116975658e-05,6.56201373203658e-05,4.95310487167444e-05,3.54278381564654e-05,2.8104564989917e-05,2.53772032010602e-05,2.45357641688315e-05,2.38847769651329e-05,2.33953342103632e-05,2.29197339649545e-05,2.27184173127171e-05,2.31486756092636e-05,2.20056535908952e-05,1.83197007572744e-05,1.01214500318747e-05,1.01853802334517e-05,1.00116312751197e-05,1.13831611088244e-05,1.32550349007943e-05,2.5986943001044e-05,2.63893489318434e-05,2.86803042399697e-05,2.96234393317718e-05,5.53343415958807e-05,5.31956065970007e-05,4.17246992583387e-05,3.25502369378228e-05,2.67501854978036e-05,2.31953144975705e-05,2.30658897635294e-05,2.18715067603625e-05,0,0,0,0,0,0,0,0,0,0,0,0,0,0,0,0,0
"37","20020705",0.00206495425663888,0.00355952559038997,0.00406178180128336,0.00322440988384187,0.00207903468981385,0.000816779269371182,0.000669058121275157,0.00049642997328192,0.000321323779644445,0.000215454565477557,0.00014964523143135,0.000116301984235179,0.000100206510978751,9.0738401922863e-05,8.54396712384187e-05,8.22281872387975e-05,7.9830686445348e-05,7.78249450377189e-05,7.57730667828582e-05,7.29308667359874e-05,6.86810453771614e-05,6.33975942037068e-05,5.88411057833582e-05,5.67870229133405e-05,5.58103965886403e-05,5.19970599270891e-05,4.63102296635043e-05,4.10429456678685e-05,3.54285548382904e-05,2.88391183858039e-05,2.46419895120198e-05,2.32058700930793e-05,2.28589888138231e-05,2.258614404127e-05,2.23526021727594e-05,2.20923629967729e-05,2.17453980440041e-05,2.13192561204778e-05,2.20488727791235e-05,2.08045512408717e-05,1.7158103219117e-05,1.01319983514259e-05,1.01647947303718e-05,1.0011413905886e-05,1.13835358206416e-05,1.35240316012641e-05,2.68467138084816e-05,2.69579104497097e-05,2.93691628030501e-05,3.06397851090878e-05,5.9156482166145e-05,5.56365812371951e-05,4.30631262133829e-05,3.32317322317977e-05,2.68603962467751e-05,2.31046633416554e-05,2.28719345614081e-05,2.18722598219756e-05,0,0,0,0,0,0,0,0,0,0,0,0,0,0,0,0,0
"38","20020710",0.0051573752425611,0.00748706376180053,0.00870729051530361,0.00932312104851007,0.00947021879255772,0.00795237347483635,0.0016978916246444,0.00157095422036946,0.00115457142237574,0.000706737802829593,0.000359335157554597,0.000223884810111485,0.000184247110155411,0.000162761731189676,0.000148792838444933,0.000139931085868739,0.000133605441078544,0.000129272171761841,0.00012547429651022,0.000120931894343812,0.000114673479401972,0.000106973930087406,9.98938994598575e-05,9.71812842180952e-05,9.44230196182616e-05,8.52451994433068e-05,7.29038074496202e-05,6.34061507298611e-05,5.42480484000407e-05,4.18687814089935e-05,3.04484165098984e-05,2.41336638282519e-05,2.23311508307233e-05,2.16113803617191e-05,2.12836876016809e-05,2.10436664929148e-05,2.07358662009938e-05,2.03001309273532e-05,2.0931434846716e-05,1.97682365978835e-05,1.49631014210172e-05,1.01391287898878e-05,1.0139222467842e-05,1.00113275038893e-05,1.13839923869818e-05,1.38579216582002e-05,2.78449369943701e-05,2.76199298241409e-05,3.02243315672968e-05,3.2139549148269e-05,6.4081817981787e-05,5.84610606892966e-05,4.47522652393673e-05,3.41751219821163e-05,2.70641994575271e-05,2.30445184570272e-05,2.26195243158145e-05,2.1809990357724e-05,0,0,0,0,0,0,0,0,0,0,0,0,0,0,0,0,0
"39","20020715",0.00167400704231113,0.00355689506977797,0.00349784409627318,0.00246671726927161,0.000713939894922078,0.000688394298776984,0.000562201894354075,0.00039276696043089,0.00025210328749381,0.000184546006494202,0.00015157792950049,0.000123853445984423,0.000101349905889947,8.53614328661934e-05,7.54813518142328e-05,6.94785121595487e-05,6.55734475003555e-05,6.28633133601397e-05,6.07436377322301e-05,5.86252645007335e-05,5.58759020350408e-05,5.26036092196591e-05,4.95495878567453e-05,4.80185626656748e-05,4.68360958620906e-05,4.06920771638397e-05,3.42971143254545e-05,2.91942451440264e-05,2.55728937190725e-05,2.28164844884304e-05,2.1263864255161e-05,2.06951990548987e-05,2.03135932679288e-05,2.00498125195736e-05,2.01099937839899e-05,2.00645517907105e-05,1.98889774765121e-05,2.02855244424427e-05,2.00254544324707e-05,1.89203601621557e-05,1.40577203637804e-05,1.0142217433895e-05,1.01099203675403e-05,1.00112929430907e-05,1.13845117084566e-05,1.42614535434404e-05,2.89352501567919e-05,2.83986773865763e-05,3.13299788103905e-05,3.42729581461754e-05,7.0332273025997e-05,6.1867933254689e-05,4.69707374577411e-05,3.5463828680804e-05,2.73964360530954e-05,2.3031499949866e-05,2.2312911823974e-05,2.16547614400042e-05,0,0,0,0,0,0,0,0,0,0,0,0,0,0,0,0,0
"40","20020720",0.00107616919558495,0.00216685305349529,0.00219776434823871,0.000466795929241925,0.000440578383859247,0.000304917339235544,0.000173967899172567,0.000121206663607154,0.000110056484118104,0.000102337944554165,9.31092072278261e-05,8.27269104775041e-05,7.22032855264843e-05,6.24520689598285e-05,5.47592862858437e-05,4.96311986353248e-05,4.63590440631378e-05,4.42094678874128e-05,4.26222359237727e-05,4.11598448408768e-05,3.93675363739021e-05,3.72292088286486e-05,3.54549665644299e-05,3.44899272022303e-05,3.35458425979596e-05,2.84888901660452e-05,2.47459447564324e-05,2.20187794184312e-05,2.06109270948218e-05,2.00926551769953e-05,2.01689999812515e-05,2.00446502276463e-05,1.96397140825866e-05,1.9446717487881e-05,1.95500197150977e-05,1.96192340808921e-05,2.05778378585819e-05,2.01073326024925e-05,1.9480276023387e-05,1.84305044967914e-05,1.36155476866406e-05,1.01414207165362e-05,1.00930183180026e-05,1.00112883956172e-05,1.13848909677472e-05,1.4552628272213e-05,2.98298382404028e-05,2.89705458271783e-05,3.21832740155514e-05,3.61329257430043e-05,7.57639354560524e-05,6.47875931463204e-05,4.89109697809909e-05,3.65867308573797e-05,2.76730461337138e-05,2.30381338042207e-05,2.20199290197343e-05,2.1466990801855e-05,0,0,0,0,0,0,0,0,0,0,0,0,0,0,0,0,0
"41","20020725",0.00072589103365317,0.00111613422632217,0.000929390662349761,0.000209656573133543,0.000188781967153773,0.000128391126054339,8.43398593133315e-05,6.91877285134979e-05,6.74274488119408e-05,6.37645862298086e-05,5.70379597775172e-05,5.33461534359958e-05,4.85186865262222e-05,4.32086926593911e-05,3.83351507480256e-05,3.46486485796049e-05,3.21736624755431e-05,3.05791181745008e-05,2.94554120046087e-05,2.84452289633919e-05,2.7299793146085e-05,2.59837379417149e-05,2.4934897737694e-05,2.44709026446799e-05,2.38210413954221e-05,2.06609438464511e-05,1.90296814253088e-05,1.84046548383776e-05,1.86503239092417e-05,1.94816220755456e-05,1.99577825696906e-05,1.9996274204459e-05,1.94830172404181e-05,1.92899788089562e-05,1.93869000213454e-05,2.06912845897023e-05,2.0354305888759e-05,1.98992838704726e-05,1.93011146620847e-05,1.8172348063672e-05,1.33276807900984e-05,1.01406703834073e-05,1.00860115708201e-05,1.0011328413384e-05,1.13851583591895e-05,1.4728518181073e-05,3.05564899463207e-05,2.9275739507284e-05,3.26670815411489e-05,3.7182959204074e-05,7.89694313425571e-05,6.64980325382203e-05,5.01925896969624e-05,3.73005204892252e-05,2.77904946415219e-05,2.30527220992371e-05,2.17978540604236e-05,2.1301091692294e-05,0,0,0,0,0,0,0,0,0,0,0,0,0,0,0,0,0
"42","20020730",0.00498018227517605,0.15,0.00944817531853914,0.0103751858696342,0.00849822163581848,0.00500879436731339,0.00160329323261976,0.00128087983466685,0.000798212189693004,0.000424313853727654,0.000244255119469017,0.0001959542860277,0.00017365078383591,0.000157464790390804,0.000142514545586891,0.000129158899653703,0.000118538402603008,0.000111191548057832,0.000106081293779425,0.000101815719972365,9.735729690874e-05,9.24426931305788e-05,8.84380278876051e-05,8.66520422277972e-05,8.3639650256373e-05,7.3846269515343e-05,6.40328507870436e-05,5.54058315174188e-05,4.62881434941664e-05,3.72004797100089e-05,2.90603620669572e-05,2.33967384701828e-05,2.11162150662858e-05,2.01223574549658e-05,2.09687314054463e-05,2.08499313885113e-05,2.0419056454557e-05,1.99524001800455e-05,1.92824809346348e-05,1.80076149263186e-05,1.31020788103342e-05,1.01393698059837e-05,1.0085438589158e-05,1.00114202723489e-05,1.13853539005504e-05,1.48159779200796e-05,3.11179537675343e-05,2.93530665658182e-05,3.27864436258096e-05,3.74905721400864e-05,8.01273563411087e-05,6.68823922751471e-05,5.06301003042608e-05,3.75596755475271e-05,2.77189883490792e-05,2.2991594960331e-05,2.16504722629907e-05,2.1185685909586e-05,0,0,0,0,0,0,0,0,0,0,0,0,0,0,0,0,0
"43","20020805",0.000742381729651242,0.00119006412569433,0.000962894991971552,0.000239066634094343,0.000178930698893964,0.00011662033648463,9.23790648812428e-05,9.31168106035329e-05,9.2685324489139e-05,8.60617219586857e-05,7.71806226111948e-05,6.18428821326233e-05,5.12380938744172e-05,4.41929441876709e-05,3.96443174395245e-05,3.6334455217002e-05,3.3603955671424e-05,3.14901117235422e-05,2.99778312182752e-05,2.87632356048562e-05,2.75932889053365e-05,2.63817946688505e-05,2.53846137638902e-05,2.49455915763974e-05,2.3693586626905e-05,2.12983904930297e-05,1.98011384782149e-05,1.91993349289987e-05,1.94787535292562e-05,2.02162682398921e-05,2.09891204576707e-05,2.06028398679337e-05,2.00083777599502e-05,1.97941426449688e-05,2.10800244531129e-05,2.09844019991579e-05,2.06413260457339e-05,2.01622533495538e-05,1.9354110918357e-05,1.80482311407104e-05,1.31243386931601e-05,1.01369578260346e-05,1.00907045634813e-05,1.00114511951688e-05,1.13852929644054e-05,1.47527271110448e-05,3.12068914354313e-05,2.92728018393973e-05,3.27311463479418e-05,3.73663679056335e-05,8.02976501290686e-05,6.71853995299898e-05,5.10757199663203e-05,3.78896220354363e-05,2.76980517810443e-05,2.29317720368272e-05,2.14810152101563e-05,2.10527105082292e-05,0,0,0,0,0,0,0,0,0,0,0,0,0,0,0,0,0
"44","20020810",0.00164792709983885,0.15,0.00358249712735415,0.00223228405229747,0.00081088236765936,0.000585870584473014,0.000342683342751116,0.000183568277861923,0.000130933345644735,0.000117460927867796,0.00010910935816355,9.97084789560176e-05,8.84156979736872e-05,7.74153013480827e-05,6.86326529830694e-05,6.21613653493114e-05,5.72268436371814e-05,5.34595383214764e-05,5.0647184252739e-05,4.85200107505079e-05,4.63067917735316e-05,4.43139833805617e-05,4.2562918679323e-05,4.20455398852937e-05,4.00372337026056e-05,3.69899753422942e-05,3.40785663865972e-05,3.08309718093369e-05,2.69349511654582e-05,2.3424578103004e-05,2.20748188439757e-05,2.12768227356719e-05,2.05351716431323e-05,2.01676739379764e-05,2.13936291402206e-05,2.1264675524435e-05,2.09747049666476e-05,2.03893378056819e-05,1.9481934941723e-05,1.81488612724934e-05,1.30483740576892e-05,1.0132528586837e-05,1.00963989098091e-05,1.00115039458615e-05,1.13852793219849e-05,1.46981756188325e-05,3.13143864332233e-05,2.91908017970854e-05,3.26342051266693e-05,3.72244612663053e-05,8.01662317826413e-05,6.70800945954397e-05,5.12035148858558e-05,3.80356214009225e-05,2.75817146757618e-05,2.27798100240761e-05,2.13684797927272e-05,2.09437203011476e-05,0,0,0,0,0,0,0,0,0,0,0,0,0,0,0,0,0
"45","20020815",0.00828863494098186,0.15,0.15,0.0143639044836164,0.0126889450475574,0.0100035415962338,0.00673975888639688,0.00210531102493405,0.00176016543991864,0.00122519431170076,0.000744515913538635,0.00038347055669874,0.000253293343121186,0.000201567774638534,0.000178589951246977,0.00016057095490396,0.000146406979183666,0.000135612004669383,0.000127570834592916,0.000121592980576679,0.000115866190753877,0.000110953449620865,0.000106678657175507,0.000105781473394018,0.000104502541944385,9.79381293291226e-05,9.21649188967422e-05,8.10390920378268e-05,6.53867900837213e-05,4.87923098262399e-05,3.46869128406979e-05,2.58999243669678e-05,2.19732846744591e-05,2.09780318982666e-05,2.18554887396749e-05,2.16343196370872e-05,2.13549719774164e-05,2.06402128242189e-05,1.97176359506557e-05,1.83459251275053e-05,1.30487242131494e-05,1.01280220405897e-05,1.01041650850675e-05,1.00115030363668e-05,1.13851583591895e-05,1.46007632793044e-05,3.12919328280259e-05,2.91327323793666e-05,3.25815817632247e-05,3.71605019608978e-05,8.03853981778957e-05,6.73283429932781e-05,5.15783031005412e-05,3.83281367248856e-05,2.752313594101e-05,2.26266947720433e-05,2.12325667234836e-05,2.08313031180296e-05,0,0,0,0,0,0,0,0,0,0,0,0,0,0,0,0,0
"46","20020820",0.00306652346625924,0.00522154569625854,0.00568023370578885,0.00501125678420067,0.00498470151796937,0.00315385567955673,0.00179253134410828,0.00100893969647586,0.000815321400295943,0.000560984539333731,0.000332244962919503,0.00020424036483746,0.000142471850267611,0.000110834123915993,9.38490411499515e-05,8.38791675050743e-05,7.68246754887514e-05,7.12570763425902e-05,6.68918364681304e-05,6.36597906122915e-05,6.0786976973759e-05,5.8325760619482e-05,5.64081492484547e-05,5.64162801310886e-05,5.6950440921355e-05,5.48696443729568e-05,5.17956650583073e-05,4.49360995844472e-05,3.65732812497299e-05,2.87808434222825e-05,2.38602096942486e-05,2.10542293643812e-05,2.04237367142923e-05,2.02370592887746e-05,2.15677864616737e-05,2.1648364054272e-05,2.1537993234233e-05,2.08564015338197e-05,1.99867627088679e-05,1.84465243364684e-05,1.27743960547377e-05,1.01277501016739e-05,1.01086652648519e-05,1.00115612440277e-05,1.1385282050469e-05,1.4657567589893e-05,3.1847353966441e-05,2.92168588202912e-05,3.26901499647647e-05,3.77639262296725e-05,8.09894190751947e-05,6.7188979301136e-05,5.1568520575529e-05,3.82998950954061e-05,2.7283867893857e-05,2.23659226321615e-05,2.11464321182575e-05,2.07415687327739e-05,0,0,0,0,0,0,0,0,0,0,0,0,0,0,0,0,0
"47","20020825",0.00602596718817949,0.15,0.15,0.15,0.0815013200044632,0.0165261272341013,0.0152836479246616,0.00665759528055787,0.00235607684589922,0.00177270534913987,0.00107479735743254,0.00050582829862833,0.000252989411819726,0.000182398667675443,0.000150475651025772,0.000131727792904712,0.000119010233902372,0.000109972046629991,0.000103029837191571,9.77716917986982e-05,9.33699047891423e-05,8.95846460480243e-05,8.68268689373508e-05,8.73345343279652e-05,8.95932898856699e-05,8.99925289559178e-05,8.21787543827668e-05,6.96436400176026e-05,5.43640162504744e-05,3.93122863897588e-05,2.81551565421978e-05,2.24086506932508e-05,2.06709646590753e-05,2.02414157683961e-05,2.15564068639651e-05,2.15880791074596e-05,2.1668900444638e-05,2.12129634746816e-05,2.04155603569234e-05,1.86688612302532e-05,1.26565091704833e-05,1.01332962003653e-05,1.01169553090585e-05,1.00116003522999e-05,1.13852938739001e-05,1.4672014003736e-05,3.24744760291651e-05,2.92610875476385e-05,3.27484885929152e-05,3.83598235202953e-05,8.0683603300713e-05,6.67512649670243e-05,5.1425497076707e-05,3.82610705855768e-05,2.7044325179304e-05,2.21257396333385e-05,2.10442613024497e-05,2.05924443434924e-05,0,0,0,0,0,0,0,0,0,0,0,0,0,0,0,0,0
"48","20020830",0.0130991395562887,0.15,0.15,0.15,0.0248981639742851,0.0267375595867634,0.0280525609850883,0.0297034438699484,0.0232905801385641,0.00648694485425949,0.00357327773235738,0.0024877954274416,0.00141127547249198,0.000604651810135692,0.000292283308226615,0.000219808265683241,0.000188739228178747,0.000170485800481401,0.000158070484758355,0.000148953375173733,0.000141713404445909,0.000135742782731541,0.000131369684822857,0.000131608074298128,0.000137349212309346,0.000142928198329173,0.000130586282466538,0.000110853092337493,8.61513181007467e-05,6.10770002822392e-05,4.06952131015714e-05,2.77662584267091e-05,2.1910196664976e-05,2.0844006940024e-05,2.16984208236681e-05,2.17262695514364e-05,2.18806962948292e-05,2.16292955883546e-05,2.09170975722373e-05,1.90658283827361e-05,1.27149469335563e-05,1.01416644611163e-05,1.01341165645863e-05,1.00116112662363e-05,1.13850810521399e-05,1.45583371704561e-05,3.28698952216655e-05,2.91391352220671e-05,3.25464243360329e-05,3.91324720112607e-05,7.83496288931929e-05,6.49811918265186e-05,5.03662595292553e-05,3.77186806872487e-05,2.65953185589751e-05,2.18475488509284e-05,2.10272701224312e-05,2.04226180358091e-05,0,0,0,0,0,0,0,0,0,0,0,0,0,0,0,0,0
"49","20020905",0.00792067963629961,0.15,0.15,0.15,0.15,0.15,0.15,0.0153150837868452,0.0149715393781662,0.0122231664136052,0.00257916329428554,0.00176293018739671,0.00109228573273867,0.000523117952980101,0.000246008770773187,0.000171175866853446,0.000136321512400173,0.000118419586215168,0.000108134081528988,0.000101140867627691,9.83483550953679e-05,9.48918968788348e-05,8.83448738022707e-05,8.82823514984921e-05,9.34915369725786e-05,9.94040165096521e-05,9.17341894819401e-05,7.61797928134911e-05,5.92273354413919e-05,4.27210397901945e-05,3.01857326121535e-05,2.26811516768066e-05,1.9975021132268e-05,2.06873555725906e-05,2.10420967050595e-05,2.13724324567011e-05,2.17354954656912e-05,2.17847955354955e-05,2.107765430992e-05,1.9290982891107e-05,1.27801431517582e-05,1.0153013136005e-05,1.01558180176653e-05,1.00116130852257e-05,1.13847827378777e-05,1.43756169563858e-05,3.28788519254886e-05,2.90192037937231e-05,3.24342690873891e-05,4.02783225581516e-05,7.64583528507501e-05,6.38023411738686e-05,4.96938264404889e-05,3.7413996324176e-05,2.62458015640732e-05,2.15813361137407e-05,2.09925074159401e-05,2.02688243007287e-05,0,0,0,0,0,0,0,0,0,0,0,0,0,0,0,0,0
"50","20020910",0.000801027752459049,0.15,0.102213680744171,0.0687847882509232,0.0681974515318871,0.0676502287387848,0.00131460791453719,0.00111270695924759,0.000823243171907961,0.000719677656888962,0.000352779810782522,0.000282676774077117,0.000195781263755634,0.000115677561552729,6.48797504254617e-05,4.30280415457673e-05,3.34995893354062e-05,2.86604627035558e-05,2.59838743659202e-05,2.42983041971456e-05,2.32070906349691e-05,2.23076222027885e-05,2.15146283153445e-05,2.13002276723273e-05,2.22868893615669e-05,2.41192174144089e-05,2.33131122513441e-05,2.13842067751102e-05,1.95433640328702e-05,1.84180698852288e-05,1.78110021806788e-05,1.72480522451224e-05,1.76200701389462e-05,1.82337662408827e-05,1.99920978047885e-05,2.08583533094497e-05,2.15758627746254e-05,2.17770812014351e-05,2.10407451959327e-05,1.93851428775815e-05,1.28522024169797e-05,1.01674195320811e-05,1.01863161034998e-05,1.00117531474098e-05,1.13843561848626e-05,1.41367218020605e-05,3.25935579894576e-05,2.88482860923978e-05,3.2264902984025e-05,4.26572041760664e-05,7.41575931897387e-05,6.22058869339526e-05,4.86969656776637e-05,3.67097163689323e-05,2.5706855012686e-05,2.12834129342809e-05,2.10567231988534e-05,2.02445517061278e-05,0,0,0,0,0,0,0,0,0,0,0,0,0,0,0,0,0
"51","20020915",0.00274267210625112,0.15,0.00534751126542687,0.00558452028781176,0.00477107474580407,0.0034143254160881,0.0015156987356022,0.00101582531351596,0.000820177199784666,0.000566230213735253,0.000372445123502985,0.000272475503152236,0.000231091369641945,0.000191745697520673,0.000142972479807213,0.000100469616882037,7.48089514672756e-05,6.15981116425246e-05,5.45506154594477e-05,5.03061673953198e-05,4.76046734547708e-05,4.51728010375518e-05,4.31283260695636e-05,4.21735967393033e-05,4.39731302321889e-05,4.76090099255089e-05,4.50427214673255e-05,3.83470032829791e-05,3.05804023810197e-05,2.37415024457732e-05,2.00568229047349e-05,1.90548489626963e-05,1.75423392647645e-05,1.78252030309523e-05,1.84533637366258e-05,2.01526254386408e-05,2.14051324292086e-05,2.16013140743598e-05,2.08589262911119e-05,1.92080478882417e-05,1.28986903291661e-05,1.01853638625471e-05,1.02242402135744e-05,1.00124152595527e-05,1.13838750621653e-05,1.38749810503214e-05,3.19596074405126e-05,2.87150378426304e-05,3.20690996886697e-05,4.59001203125808e-05,7.19105591997504e-05,6.06258945481386e-05,4.76559871458448e-05,3.59044388460461e-05,2.51581805059686e-05,2.09907921089325e-05,2.11502283491427e-05,2.02596802409971e-05,0,0,0,0,0,0,0,0,0,0,0,0,0,0,0,0,0
"52","20020920",0.033310879021883,0.15,0.15,0.15,0.15,0.15,0.15,0.0639201700687408,0.061135146766901,0.0583861768245697,0.0313796661794186,0.0081593943759799,0.00610229093581438,0.00391613552346826,0.00195360649377108,0.000731871463358402,0.0004308890493121,0.00034805410541594,0.000303998909657821,0.000276693346677348,0.000258992367889732,0.000245294300839305,0.000234641833230853,0.000229583893087693,0.00023619674902875,0.000249579636147246,0.000237788437516429,0.000196696506463923,0.000145796322613023,9.8967102530878e-05,6.17618134128861e-05,3.63667240890209e-05,2.21212485485012e-05,1.94367548829177e-05,1.88573576451745e-05,1.91703602467896e-05,2.03954477910884e-05,2.12219729291974e-05,2.05079213628778e-05,1.85949047590839e-05,1.24840271382709e-05,1.02112444437807e-05,1.02475241874345e-05,1.00130419014022e-05,1.13837886601686e-05,1.38576333483797e-05,3.20632498187479e-05,2.87977509287884e-05,3.22051819239277e-05,4.94157829962205e-05,7.10122913005762e-05,5.9986316045979e-05,4.72232786705717e-05,3.5377568565309e-05,2.47336920438102e-05,2.07608445634833e-05,2.12265640584519e-05,2.03289346245583e-05,0,0,0,0,0,0,0,0,0,0,0,0,0,0,0,0,0
"53","20020925",0.00306301028467715,0.15,0.15,0.15,0.15,0.15,0.15,0.15,0.15,0.15,0.0116503974422812,0.00539663201197982,0.00141002633608878,0.000828132324386388,0.000373278016922995,0.000145157071528956,8.2350627053529e-05,6.3259358284995e-05,5.55069054826163e-05,5.09874662384391e-05,4.78806250612251e-05,4.56233392469585e-05,4.4015163439326e-05,4.34930734627414e-05,4.46509693574626e-05,4.65875091322232e-05,4.42749987996649e-05,3.69349472748581e-05,2.89545532723423e-05,2.2744019588572e-05,1.92014576896327e-05,1.7846603441285e-05,1.63231361511862e-05,1.66858426382532e-05,1.73621119756717e-05,1.82187268364942e-05,1.89972633961588e-05,2.00897393369814e-05,1.99461883312324e-05,1.76964767888421e-05,1.17314766612253e-05,1.02437079476658e-05,1.02445847005583e-05,1.00124852906447e-05,1.13842197606573e-05,1.42237449836102e-05,3.35462282237131e-05,2.90987991320435e-05,3.28956375597045e-05,5.35753715666942e-05,7.16358190402389e-05,6.0313475842122e-05,4.74030020995997e-05,3.49944457411766e-05,2.42824135057162e-05,2.04565585590899e-05,2.1251946236589e-05,2.03994877665536e-05,0,0,0,0,0,0,0,0,0,0,0,0,0,0,0,0,0
"54","20020930",0.00222590332850814,0.15,0.15,0.15,0.15,0.15,0.15,0.15,0.15,0.15,0.0071156588383019,0.00164086127188057,0.00103336572647095,0.000493354920763522,0.000208397308597341,0.000118691394163761,7.62643467169255e-05,5.64547590329312e-05,4.78704132547136e-05,4.33000204793643e-05,4.04010679631028e-05,3.83845326723531e-05,3.69209592463449e-05,3.62481041520368e-05,3.71723726857454e-05,3.83923725166824e-05,3.5775297874352e-05,2.97445585601963e-05,2.37923504755599e-05,1.94786971405847e-05,1.73981625266606e-05,1.69387822097633e-05,1.5709914805484e-05,1.62039941642433e-05,1.69563627423486e-05,1.78020600287709e-05,1.85918433999177e-05,1.9007848095498e-05,1.96550226974068e-05,1.69250761246076e-05,1.15701977847493e-05,1.02684516605223e-05,1.02647763924324e-05,1.00131928775227e-05,1.13840660560527e-05,1.41526115839952e-05,3.33294556185137e-05,2.91214528260753e-05,3.28087153320666e-05,5.45327166037168e-05,7.04740741639398e-05,5.97573634877335e-05,4.71586499770638e-05,3.46209890267346e-05,2.39465098275105e-05,2.026189758908e-05,2.12925115192775e-05,2.05096275749383e-05,0,0,0,0,0,0,0,0,0,0,0,0,0,0,0,0,0
"55","20021005",0.0059227691963315,0.15,0.15,0.15,0.15,0.15,0.15,0.15,0.15,0.15,0.15,0.15,0.00598532613366842,0.00169676123186946,0.000774592394009233,0.000294344208668917,0.000162550568347797,0.000114436501462478,9.14319098228589e-05,8.0085636000149e-05,7.35914800316095e-05,6.94778136676177e-05,6.63996324874461e-05,6.4499385189265e-05,6.48670320515521e-05,6.60685036564246e-05,6.13324009464122e-05,4.98003100801725e-05,3.72741342289373e-05,2.69034444499994e-05,2.05682499654358e-05,1.79535654751817e-05,1.59698411152931e-05,1.61446369020268e-05,1.67237321875291e-05,1.75048062374117e-05,1.83296269824496e-05,1.88620106200688e-05,1.83863776328508e-05,1.59475403052056e-05,1.16029814307694e-05,1.02935327959131e-05,1.03018837762647e-05,1.00159086287022e-05,1.13835958472919e-05,1.37911929414258e-05,3.20030740112998e-05,2.90174302790547e-05,3.21116312989034e-05,5.40238506800961e-05,6.81663586874492e-05,5.83834262215532e-05,4.63588585262187e-05,3.41450577252544e-05,2.37385102082044e-05,2.01840612135129e-05,2.14138344745152e-05,2.06428867386421e-05,0,0,0,0,0,0,0,0,0,0,0,0,0,0,0,0,0
"56","20021010",0.0179431438446045,0.15,0.15,0.15,0.15,0.15,0.15,0.15,0.15,0.15,0.15,0.15,0.15,0.15,0.15,0.137345895171165,0.000852317607495934,0.000269058073172346,0.000184542004717514,0.00015496117703151,0.000139677475090139,0.000130654836539179,0.000124508558656089,0.000120491429697722,0.000119955911941361,0.000120875709399115,0.000112096189695876,9.07545399968512e-05,6.73785616527312e-05,4.72474566777237e-05,3.23711792589165e-05,2.31333851843374e-05,1.71703450178029e-05,1.64657267305302e-05,1.66746558534214e-05,1.73269418155542e-05,1.80657825694652e-05,1.86590095836436e-05,1.7678044969216e-05,1.55664074554807e-05,1.14485110316309e-05,1.03182946986635e-05,1.03180727819563e-05,1.00178631328163e-05,1.13834921648959e-05,1.36989310703939e-05,3.151052078465e-05,2.89603867713595e-05,3.16986152029131e-05,5.39025750185829e-05,6.6827647970058e-05,5.74993791815359e-05,4.58731701655779e-05,3.37427482008934e-05,2.35425504797604e-05,2.01069942704635e-05,2.15046657103812e-05,2.07065677386709e-05,0,0,0,0,0,0,0,0,0,0,0,0,0,0,0,0,0
"57","20021015",0.00556931830942631,0.15,0.15,0.15,0.15,0.15,0.15,0.15,0.15,0.15,0.15,0.15,0.15,0.15,0.15,0.15,0.15,0.000194153020856902,9.44123967201449e-05,7.41545809432864e-05,6.56023694318719e-05,6.09886410529725e-05,5.80022242502309e-05,5.59767686354462e-05,5.53733116248623e-05,5.5371052440023e-05,5.17172520630993e-05,4.23236633650959e-05,3.2150637707673e-05,2.40441022469895e-05,1.84343352884753e-05,1.66029112733668e-05,1.6175288692466e-05,1.53231649164809e-05,1.59934425028041e-05,1.69060549524147e-05,1.77869223989546e-05,1.84426698979223e-05,1.75217319338117e-05,1.54065946844639e-05,1.13338192022638e-05,1.03401634987677e-05,1.0326304618502e-05,1.00193537946325e-05,1.13834757939912e-05,1.36586586449994e-05,3.13485907099675e-05,2.89235777017893e-05,3.13429482048377e-05,5.38471431354992e-05,6.5755877585616e-05,5.68217983527575e-05,4.55146509921178e-05,3.34085452777799e-05,2.33391947404016e-05,2.00751364900498e-05,2.16325188375777e-05,2.08505607588449e-05,0,0,0,0,0,0,0,0,0,0,0,0,0,0,0,0,0
"58","20021020",0.00828197691589594,0.15,0.15,0.15,0.15,0.15,0.15,0.15,0.15,0.15,0.15,0.116668745875359,0.0812992453575134,0.00604832684621215,0.00375204044394195,0.00218603480607271,0.000979846343398094,0.000294271361781284,0.00013427747762762,0.000101234429166652,8.02027498139068e-05,7.34371351427399e-05,6.94357950123958e-05,6.67373024043627e-05,6.57925047562458e-05,6.5460910263937e-05,6.08889422437642e-05,4.96731772727799e-05,3.7427063944051e-05,2.75479706033366e-05,2.04570551431971e-05,1.70172716025263e-05,1.62447995535331e-05,1.50824107549852e-05,1.56593687279383e-05,1.65869732882129e-05,1.75585682882229e-05,1.81531740963692e-05,1.73329972312786e-05,1.52154125316883e-05,1.11563385871705e-05,1.03646716524963e-05,1.03315333035425e-05,1.00199922599131e-05,1.13835512820515e-05,1.36844473672681e-05,3.16253062919714e-05,2.87846523860935e-05,3.10040632029995e-05,5.44953327334952e-05,6.47132619633339e-05,5.59303261979949e-05,4.48884929937776e-05,3.28510759572964e-05,2.30461700994056e-05,2.00281010620529e-05,2.1766249119537e-05,2.10113066714257e-05,0,0,0,0,0,0,0,0,0,0,0,0,0,0,0,0,0
"59","20021025",0.00607086159288883,0.15,0.15,0.15,0.15,0.15,0.15,0.15,0.15,0.15,0.15,0.15,0.15,0.15,0.15,0.15,0.00390544719994068,0.000380509940441698,0.000119858894322533,8.09917182778008e-05,6.33498202660121e-05,5.72296303289477e-05,5.37782980245538e-05,5.15114516019821e-05,5.05293137393892e-05,5.01008289575111e-05,4.64879703940824e-05,3.82800535589922e-05,2.91284704871941e-05,2.20829369936837e-05,1.78007558133686e-05,1.56278783833841e-05,1.53596865857253e-05,1.5794137652847e-05,1.52574802996241e-05,1.62660362548195e-05,1.72651471075369e-05,1.78249392774887e-05,1.71576757566072e-05,1.51456988533027e-05,1.11063427539193e-05,1.03826669146656e-05,1.03390912045143e-05,1.00215684142313e-05,1.13835303636733e-05,1.36302314786008e-05,3.16425976052415e-05,2.87616512650857e-05,3.06151487166062e-05,5.44892318430357e-05,6.36948607279919e-05,5.511382187251e-05,4.432972491486e-05,3.24339307553601e-05,2.28514054469997e-05,2.00874692382058e-05,2.18961704376852e-05,2.11692095035687e-05,0,0,0,0,0,0,0,0,0,0,0,0,0,0,0,0,0
"60","20021030",0.0126581816002727,0.15,0.15,0.15,0.15,0.15,0.15,0.15,0.15,0.15,0.15,0.15,0.15,0.15,0.15,0.15,0.15,0.00189999223221093,0.000409619213314727,0.000154221983393654,0.000112964553409256,9.77304953266867e-05,9.05279812286608e-05,8.63354580360465e-05,8.44272944959812e-05,8.36851104395464e-05,7.72574639995582e-05,6.23981541139074e-05,4.61362214991823e-05,3.25904038618319e-05,2.28075732593425e-05,1.73788375832373e-05,1.58605089382036e-05,1.58134225785034e-05,1.55498200911097e-05,1.60342024173588e-05,1.69665763678495e-05,1.74940105353016e-05,1.6992469682009e-05,1.5052579328767e-05,1.10277815110749e-05,1.03995562312775e-05,1.03452302937512e-05,1.00223878689576e-05,1.13835549200303e-05,1.36119988383143e-05,3.18838283419609e-05,2.87293387373211e-05,3.03215292660752e-05,5.45750663150102e-05,6.28780690021813e-05,5.44105387234595e-05,4.37851958849933e-05,3.20138533425052e-05,2.26632309932029e-05,2.01686652872013e-05,2.19922985706944e-05,2.13335151784122e-05,0,0,0,0,0,0,0,0,0,0,0,0,0,0,0,0,0
"61","20021105",0.00663676392287016,0.15,0.15,0.15,0.15,0.15,0.15,0.15,0.15,0.15,0.15,0.15,0.15,0.15,0.15,0.15,0.15,0.15,0.000682696816511452,0.000129605235997587,6.98105068295263e-05,5.6518787459936e-05,5.12227416038513e-05,4.85251875943504e-05,4.70868071715813e-05,4.65658376924694e-05,4.32254273619037e-05,3.50182817783207e-05,2.71125009021489e-05,2.07218945433851e-05,1.68179212778341e-05,1.47668979479931e-05,1.43707075039856e-05,1.48493300002883e-05,1.57471877173521e-05,1.5480000001844e-05,1.65646688401466e-05,1.71240590134403e-05,1.67746184160933e-05,1.49739544212935e-05,1.1006903150701e-05,1.04135251604021e-05,1.03560014395043e-05,1.00242305052234e-05,1.13834876174224e-05,1.35376858452219e-05,3.18960628646892e-05,2.87164912151638e-05,3.00111296382966e-05,5.44669273949694e-05,6.20343489572406e-05,5.37134437763598e-05,4.32355664088391e-05,3.15734723699279e-05,2.24524392251624e-05,2.03142190002836e-05,2.20661822822876e-05,2.15257623494836e-05,0,0,0,0,0,0,0,0,0,0,0,0,0,0,0,0,0
"62","20021110",0.00287105399183929,0.15,0.15,0.15,0.15,0.15,0.15,0.15,0.15,0.15,0.15,0.15,0.15,0.15,0.15,0.15,0.15,0.15,0.000407873827498406,7.77499662945047e-05,3.7875994166825e-05,3.07166192214936e-05,2.81344000541139e-05,2.68930289166747e-05,2.621214298415e-05,2.59834232565481e-05,2.45813025685493e-05,2.12450286198873e-05,1.7870817828225e-05,1.51489457493881e-05,1.34182246256387e-05,1.28676656458993e-05,1.32649001898244e-05,1.40462916533579e-05,1.50786700032768e-05,1.53445162140997e-05,1.61685311468318e-05,1.68599999597063e-05,1.65738019859418e-05,1.48666495078942e-05,1.0953802302538e-05,1.04261653177673e-05,1.03649208540446e-05,1.00252218544483e-05,1.13834748844965e-05,1.3499045962817e-05,3.20044673571829e-05,2.87536404357525e-05,2.98324430332286e-05,5.43433743587229e-05,6.13914598943666e-05,5.31764962943271e-05,4.2843385017477e-05,3.12602169287857e-05,2.23033439397113e-05,2.0461233361857e-05,2.2074604203226e-05,2.16663302126108e-05,0,0,0,0,0,0,0,0,0,0,0,0,0,0,0,0,0
"63","20021115",0.0202804245054722,0.15,0.15,0.15,0.15,0.15,0.15,0.15,0.15,0.15,0.15,0.15,0.15,0.15,0.15,0.15,0.15,0.15,0.15,0.135039672255516,0.000205505915801041,0.000129813808598556,0.00011253258708166,0.000105103928945027,0.000100916608062107,9.9085780675523e-05,9.08395231817849e-05,7.10406311554834e-05,5.25620307598729e-05,3.66390886483714e-05,2.4950588340289e-05,1.78041227627546e-05,1.49441639223369e-05,1.44995747177745e-05,1.48618983075721e-05,1.57570448209299e-05,1.55236266436987e-05,1.63757267728215e-05,1.60733306984184e-05,1.44526056828909e-05,1.07053383544553e-05,1.04553619166836e-05,1.03760148704168e-05,1.00248562375782e-05,1.13835676529561e-05,1.35221052914858e-05,3.24514112435281e-05,2.85097885353025e-05,2.90368461719481e-05,5.46959490748122e-05,6.071853931644e-05,5.24619281350169e-05,4.22451739723329e-05,3.06754336634185e-05,2.20087149500614e-05,2.05970081879059e-05,2.21031568798935e-05,2.17900906136492e-05,0,0,0,0,0,0,0,0,0,0,0,0,0,0,0,0,0
"64","20021120",0.0370707325637341,0.15,0.15,0.15,0.15,0.15,0.15,0.15,0.15,0.15,0.15,0.15,0.15,0.15,0.15,0.15,0.15,0.15,0.15,0.15,0.00219828449189663,0.000277511571766809,0.000164495111675933,0.000148240607813932,0.000141136755701154,0.000137407740112394,0.000128433501231484,0.000101706711575389,7.56325607653707e-05,5.26208750670776e-05,3.42592320521362e-05,2.2202806576388e-05,1.60706858878257e-05,1.46585834954749e-05,1.45601297845133e-05,1.52014872583095e-05,1.48647659443668e-05,1.58272832777584e-05,1.5550493117189e-05,1.4112036296865e-05,1.05555072877905e-05,1.04675091279205e-05,1.03885722637642e-05,1.00269344329718e-05,1.13834821604542e-05,1.34265328597394e-05,3.21405059366953e-05,2.82983673969284e-05,2.83456320175901e-05,5.44317117601167e-05,5.98645819991361e-05,5.16586551384535e-05,4.15414651797619e-05,3.01315940305358e-05,2.18346795008983e-05,2.08725068659987e-05,2.20791516767349e-05,2.19294197449926e-05,0,0,0,0,0,0,0,0,0,0,0,0,0,0,0,0,0
"65","20021125",0.0250501669943333,0.15,0.15,0.15,0.15,0.15,0.15,0.15,0.15,0.15,0.15,0.15,0.15,0.15,0.15,0.15,0.15,0.15,0.15,0.15,0.00673277629539371,0.000404291320592165,0.000125267819385044,0.000107058200228494,0.000101192141300999,9.70411056187004e-05,8.6911313701421e-05,6.78124706610106e-05,5.03925657540094e-05,3.57682110916357e-05,2.46697891270742e-05,1.74570668605156e-05,1.41131322379806e-05,1.33755720526096e-05,1.3551826668845e-05,1.42106919156504e-05,1.38465484269545e-05,1.47539021781995e-05,1.44171826832462e-05,1.30111493490404e-05,1.01821387943346e-05,1.05268345578224e-05,1.03829243016662e-05,1.00208326330176e-05,1.13840342237381e-05,1.37651195473154e-05,3.38752106472384e-05,2.74352132692002e-05,2.78200950560858e-05,5.60694097657688e-05,5.90166855545249e-05,5.03999581269454e-05,4.02090408897493e-05,2.89152339973953e-05,2.13817893381929e-05,2.09908739634557e-05,2.22566231968813e-05,2.2077358153183e-05,0,0,0,0,0,0,0,0,0,0,0,0,0,0,0,0,0
"66","20021130",0.0694652646780014,0.15,0.15,0.15,0.15,0.15,0.15,0.15,0.15,0.15,0.15,0.15,0.15,0.15,0.15,0.15,0.15,0.15,0.15,0.15,0.15,0.15,0.15,0.000271622848231345,0.000197009605471976,0.000191919214557856,0.000174823944689706,0.00013758969726041,0.000101431185612455,7.03708647051826e-05,4.57651294709649e-05,2.80696567642735e-05,1.7250200471608e-05,1.42644084917265e-05,1.35359787236666e-05,1.37304323288845e-05,1.44996729432023e-05,1.38782434078166e-05,1.36445069074398e-05,1.24547668747255e-05,1.02086996776052e-05,1.05493063529138e-05,1.03927304735407e-05,1.00213637779234e-05,1.13839450932574e-05,1.36683465825627e-05,3.42132916557603e-05,2.7199370379094e-05,2.76211012533167e-05,5.57648891117424e-05,5.83810797252227e-05,4.98108165629674e-05,3.96489922422916e-05,2.84564794128528e-05,2.13088278542273e-05,2.12669074244332e-05,2.22567341552349e-05,2.21500504267169e-05,0,0,0,0,0,0,0,0,0,0,0,0,0,0,0,0,0
"67","20021205",0.0125405285507441,0.15,0.15,0.15,0.15,0.15,0.15,0.15,0.15,0.15,0.15,0.15,0.15,0.15,0.15,0.15,0.15,0.15,0.15,0.15,0.15,0.15,0.15,0.000142814067658037,6.87134524923749e-05,6.06375760980882e-05,5.46318588021677e-05,4.30836553277913e-05,3.197465048288e-05,2.31012891163118e-05,1.66330519277835e-05,1.33864177769283e-05,1.22465935419314e-05,1.19373398774769e-05,1.2199303455418e-05,1.28473766380921e-05,1.36711159939296e-05,1.29235477288603e-05,1.27266393974423e-05,1.16957389764138e-05,1.02438052635989e-05,1.05704957604758e-05,1.03928878161241e-05,1.0020627087215e-05,1.13840342237381e-05,1.36929393192986e-05,3.36154480464756e-05,2.67639697995037e-05,2.74307658401085e-05,5.58706633455586e-05,5.72480603295844e-05,4.8614641855238e-05,3.83620754291769e-05,2.75986240012571e-05,2.1214285879978e-05,2.15130839933408e-05,2.23817423830042e-05,2.2302841898636e-05,0,0,0,0,0,0,0,0,0,0,0,0,0,0,0,0,0
"68","20021210",0.0229501370340586,0.15,0.15,0.15,0.15,0.15,0.15,0.15,0.15,0.15,0.15,0.15,0.15,0.15,0.15,0.15,0.15,0.15,0.15,0.15,0.15,0.15,0.15,0.000529277313034981,0.000139477822813205,8.20494387880899e-05,6.43540479359217e-05,5.07447111885995e-05,3.72868489648681e-05,2.68232415692182e-05,1.96331238839775e-05,1.52611901285127e-05,1.27321409308934e-05,1.18754533104948e-05,1.19193946375162e-05,1.25082242448116e-05,1.3210217730375e-05,1.24159751067054e-05,1.22623205243144e-05,1.14307986223139e-05,1.02071608125698e-05,1.0537936759647e-05,1.04024584288709e-05,1.00253373602754e-05,1.13836149466806e-05,1.33257753986982e-05,3.20691287925001e-05,2.63147358054994e-05,2.68648927885806e-05,5.40705368621275e-05,5.60226617380977e-05,4.76979512313846e-05,3.7624326068908e-05,2.75205493380781e-05,2.16913904296234e-05,2.20023193833185e-05,2.21306381718023e-05,2.23148417717312e-05,0,0,0,0,0,0,0,0,0,0,0,0,0,0,0,0,0
"69","20021215",0.0315283015370369,0.15,0.15,0.15,0.15,0.15,0.15,0.15,0.15,0.15,0.15,0.15,0.15,0.15,0.15,0.15,0.15,0.15,0.15,0.15,0.15,0.15,0.15,0.15,0.15,0.00020537844102364,0.000100820696388837,6.77748103043996e-05,4.81519891764037e-05,3.3793523471104e-05,2.34892686421517e-05,1.66159043146763e-05,1.31696233438561e-05,1.20378490464645e-05,1.17660874821013e-05,1.2213578884257e-05,1.28317969938507e-05,1.19718470159569e-05,1.17906920422683e-05,1.10206319732242e-05,1.01951400210964e-05,1.05186727523687e-05,1.03956508610281e-05,1.0026128620666e-05,1.13835540105356e-05,1.322837852058e-05,3.15933866659179e-05,2.6041010642075e-05,2.65446906269062e-05,5.29144090251066e-05,5.49827709619422e-05,4.68303660454694e-05,3.69530716852751e-05,2.7402618798078e-05,2.21073023567442e-05,2.23934403038584e-05,2.21241662075045e-05,2.24661889660638e-05,0,0,0,0,0,0,0,0,0,0,0,0,0,0,0,0,0
"70","20021220",0.0357536040246487,0.15,0.15,0.15,0.15,0.15,0.15,0.15,0.15,0.15,0.15,0.15,0.15,0.15,0.15,0.15,0.15,0.15,0.15,0.15,0.15,0.15,0.15,0.15,0.15,0.0353932343423367,0.00159911275841296,0.000368801906006411,9.18529622140341e-05,3.63969556929078e-05,2.45898499997566e-05,1.70891889865743e-05,1.30978751258226e-05,1.19910191642703e-05,1.16755245471722e-05,1.20479990073363e-05,1.26323438962572e-05,1.17310037239804e-05,1.15075663416064e-05,1.07354053398012e-05,1.01900413937983e-05,1.0502920304134e-05,1.03826914710226e-05,1.00253128039185e-05,1.13835958472919e-05,1.32107252284186e-05,3.15855177177582e-05,2.60135166172404e-05,2.63431738858344e-05,5.18183660460636e-05,5.44103058928158e-05,4.65111625089776e-05,3.68381952284835e-05,2.76142072834773e-05,2.25531384785427e-05,2.27608361456078e-05,2.2127409465611e-05,2.25660332944244e-05,0,0,0,0,0,0,0,0,0,0,0,0,0,0,0,0,0
"71","20021225",0.00670727668330073,0.15,0.15,0.15,0.15,0.15,0.15,0.15,0.15,0.15,0.15,0.15,0.15,0.15,0.15,0.15,0.15,0.15,0.15,0.15,0.15,0.15,0.15,0.15,0.15,0.15,0.15,0.000146684717037715,7.54538414184935e-05,2.31820085900836e-05,1.29482177726459e-05,1.17497702376568e-05,1.1425568118284e-05,1.1370905667718e-05,1.13738733489299e-05,1.16729570436291e-05,1.22374431157368e-05,1.11495000965078e-05,1.07334244603408e-05,1.00637262221426e-05,1.02995654742699e-05,1.05665421870071e-05,1.03451711765956e-05,1.00170200312277e-05,1.16649807750946e-05,1.37507322506281e-05,3.38162062689662e-05,2.59592525253538e-05,2.7299161956762e-05,5.36231927981135e-05,5.39936081622727e-05,4.55520530522335e-05,3.57150092895608e-05,2.67071027337806e-05,2.22692287934478e-05,2.28040498768678e-05,2.24759041884681e-05,2.27622367674485e-05,0,0,0,0,0,0,0,0,0,0,0,0,0,0,0,0,0
"72","20021230",0.0195733085274696,0.15,0.15,0.15,0.15,0.15,0.15,0.15,0.15,0.15,0.15,0.15,0.15,0.15,0.15,0.15,0.15,0.15,0.15,0.15,0.15,0.15,0.15,0.15,0.15,0.15,0.15,0.15,0.00034164558746852,0.000100073069916107,3.49830188497435e-05,1.37691131385509e-05,1.19758224172983e-05,1.15160819404991e-05,1.14115937321912e-05,1.16133605843061e-05,1.2139987120463e-05,1.10606233647559e-05,1.06653797047329e-05,1.00532688520616e-05,1.02675958260079e-05,1.05181479739258e-05,1.03226793726208e-05,1.00164206742193e-05,1.13846335807466e-05,1.37357192215859e-05,3.41193153872155e-05,2.59438729699468e-05,2.66068054770585e-05,5.15115789312404e-05,5.33125967194792e-05,4.55501321994234e-05,3.607880717027e-05,2.73037840088364e-05,2.28380613407353e-05,2.3006596165942e-05,2.24177056225017e-05,2.2840480596642e-05,0,0,0,0,0,0,0,0,0,0,0,0,0,0,0,0,0
